word|distractors
467|antanaclasis|['katabasis', 'thanatopsis', 'thanatosis', 'aphantasia', 'anagnorisis']
468|antimetabole|['akimbo', 'ineffable', 'arietiform', 'intestate', 'ultimate']
466|chiasmus|['accismus', 'conatus', 'miasma', 'chiral', 'claque']
14|citlalimpopoca|['kalopsia', 'palimpsest', 'cingulomania', 'cacotopia', 'callipygian']
878|polyptoton|['poltroon', 'polychotomy', 'pluton', 'polytely', 'panopticon']
888|sphagnum|['aptronym', 'spanghew', 'sophism', 'pangram', 'seraglio']
6|trochoid|['epitrochoid', 'brood', 'roscid', 'tetchy', 'clotho']
21|abaddon|['alazon', 'alastor', 'lagoon', 'albion', 'bagman']
22|abatures|['arcturus', 'ananke', 'alastor', 'aleatory', 'claque']
23|absquatulate|['stridulate', 'obnubilate', 'ululate', 'aestivate', 'aesthete']
24|abulia|['acedia', 'uvula', 'tulpa', 'anomie', 'mudita']
25|acatalepsy|['cataplexy', 'abatures', 'analemma', 'ataraxy', 'nympholepsy']
26|accismus|['chiasmus', 'arcturus', 'mumpsimus', 'muckibus', 'ascian']
27|accoutrement|['denouement', 'aurulent', 'covenant', 'contumely', 'feculent']
28|acedia|['abulia', 'ascian', 'anomie', 'lachesis', 'akrasia']
29|aciniform|['arietiform', 'vermiform', 'albion', 'laconic', 'akimbo']
30|acyrologia|['cyclogon', 'cacotopia', 'lethologica', 'horology', 'teleology']
31|addlepated|['aureate', 'tenanted', 'decimate', 'aestivate', 'aleatory']
32|adonize|['anomie', 'apogee', 'anodyne', 'aniline', 'cadence']
33|aesopian language|['aestivate', 'koalang', 'seigniorage', 'aphantasia', 'absquatulate']
34|aesthete|['aestivate', 'yestreen', 'gestalt', 'vestige', 'aestival']
35|aestival|['aestivate', 'pessimal', 'aesthete', 'ascian', 'vestige']
36|aestivate|['aestival', 'aesthete', 'rusticate', 'titivate', 'vestige']
37|agathism|['tarantism', 'asterism', 'wegotism', 'barathrum', 'dystheism']
38|agathocacological|['heterological', 'lethologica', 'acyrologia', 'ayauhcozamalotl', 'bathykolpian']
39|agnosy|['telos', 'doxy', 'oofy', 'argot', 'grok']
40|aibohphobia|['phobophobia', 'apophenia', 'hypophora', 'apophasis', 'anhedonia']
41|ailurophile|['pluviophile', 'hierophant', 'epistrophe', 'aizuchi', 'apocryphal']
42|aizuchi|['louche', 'maieutic', 'inure', 'sic', 'tetchy']
43|akimbo|['jingo', 'timon', 'gambol', 'imbue', 'anomie']
44|akrasia|['abulia', 'miasma', 'dysania', 'kalpa', 'kalopsia']
45|alastor|['aleatory', 'alazon', 'malaphor', 'alnaschar', 'albion']
46|alazon|['albion', 'lagoon', 'alastor', 'abaddon', 'halcyon']
47|albion|['alazon', 'elision', 'halcyon', 'ascian', 'pluton']
48|aleatoricism|['aleatory', 'anagnorisis', 'malapropism', 'agathism', 'asterism']
49|aleatory|['alastor', 'plethora', 'alazon', 'lagoon', 'pleroma']
50|alexithymia|['hyperthymia', 'lexiphanic', 'antithalian', 'plethora', 'paresthesia']
51|aliteracy|['ataraxy', 'balter', 'esoteric', 'alliciency', 'appetency']
52|alliciency|['appetency', 'aliteracy', 'dalliance', 'felicity', 'apricity']
53|alnaschar|['alastor', 'akrasia', 'ashlar', 'anaphora', 'malaphor']
54|alpenglow|['spanghew', 'languor', 'albion', 'jingo', 'aleatory']
55|amaranth|['amaranthine', 'mordant', 'ataraxy', 'hiraeth', 'gisant']
56|amaranthine|['amaranth', 'tarantism', 'agathism', 'aniline', 'tontine']
57|ambisinistrous|['atramentous', 'obstreperous', 'amnicolist', 'bilious', 'ignivomous']
58|amnicolist|['aniline', 'iconoclast', 'agnosy', 'omnilegent', 'bucolic']
59|amour propre|['doryphore', 'ailurophile', 'ommatophore', 'torpor', 'pourparler']
60|anacronym|['aptronym', 'contronym', 'endonym', 'paroxysm', 'amaranth']
61|anaculothon|['clotho', 'nickelodeon', 'anacronym', 'cyclogon', 'inanition']
62|anagnorisis|['autonoesis', 'antanaclasis', 'anaphora', 'autopoiesis', 'aleatoricism']
10|analemma|['trilemma', 'panacea', 'polylemma', 'anaphora', 'talisman']
63|ananke|['snaste', 'anomie', 'slake', 'janky', 'ennui']
64|anaphora|['malaphor', 'hypophora', 'alastor', 'plethora', 'anorak']
66|anhedonia|['acedia', 'anaphora', 'anodyne', 'pareidolia', 'anomie']
67|aniline|['anodyne', 'anomie', 'nibling', 'ananke', 'adonize']
68|anodyne|['aniline', 'anomie', 'podunk', 'agnosy', 'ananke']
69|anomie|['anodyne', 'anorak', 'ananke', 'adonize', 'apogee']
70|anorak|['norns', 'pangram', 'anomie', 'grok', 'ananke']
71|anosognosia|['agnosy', 'apotheosis', 'anhedonia', 'acyrologia', 'idioglossia']
72|antebellum|['asterism', 'ocellus', 'knell', 'saeculum', 'obelus']
73|antejentacular|['jentacular', 'antimetabole', 'antanaclasis', 'antebellum', 'crepuscular']
74|anthropodicy|['zoanthropy', 'lethologica', 'threnody', 'apotropaic', 'atropos']
75|anthypophora|['hypophora', 'anaphora', 'cephalophore', 'atropos', 'anhedonia']
76|antithalian|['jactitation', 'bacchanalian', 'nihilarian', 'riparian', 'aniline']
77|aphantasia|['akrasia', 'apophasis', 'panacea', 'thanatosis', 'antanaclasis']
78|apocryphal|['apotropaic', 'apophenia', 'poché', 'anorak', 'doryphore']
79|apogee|['anomie', 'asphodel', 'jape', 'anodyne', 'zaggle']
80|apophasis|['apotheosis', 'apophenia', 'holophrasis', 'aposiopesis', 'sophist']
81|apophenia|['apophasis', 'apotheosis', 'epiphany', 'anaphora', 'aibohphobia']
82|aposiopesis|['autonoesis', 'apotropaic', 'apotheosis', 'apophasis', 'autopoiesis']
83|apotheosis|['apophasis', 'apophenia', 'phthisic', 'aposiopesis', 'apotropaic']
84|apotropaic|['apotheosis', 'apocryphal', 'orphic', 'aptronym', 'cacotopia']
85|appetency|['neoteny', 'limerence', 'oscitancy', 'apophenia', 'nascency']
86|apricity|['felicity', 'aureate', 'akrasia', 'temerity', 'prolate']
87|aptronym|['contronym', 'anacronym', 'contranym', 'atropos', 'paroxysm']
88|arcturus|['abatures', 'barathrum', 'arcuate', 'accismus', 'muckibus']
89|arcuate|['parcae', 'aureate', 'peculate', 'prolate', 'ululate']
90|argot|['harrow', 'brood', 'turbot', 'crunt', 'ort']
91|arietiform|['aciniform', 'vermiform', 'asterism', 'charientism', 'alastor']
92|armamentarium|['atramentous', 'rastrum', 'tarantism', 'aphantasia', 'amaranthine']
93|ascian|['ashlar', 'augean', 'albion', 'pariah', 'anorak']
15|ashlar|['ascian', 'isolato', 'augean', 'slake', 'abulia']
94|asphodel|['spandrel', 'apogee', 'aesthete', 'anaphora', 'ploce']
95|assemblage|['dissemble', 'sabrage', 'aestivate', 'greeble', 'ullage']
96|asterism|['esoteric', 'sophism', 'cerise', 'dystheism', 'illeism']
97|ataraxy|['cataplexy', 'aliteracy', 'amaranth', 'anorak', 'vitrify']
98|atramentous|['jumentous', 'tendentious', 'promontory', 'armamentarium', 'tenebrous']
99|atropos|['argot', 'aptronym', 'torpor', 'brood', 'droog']
100|augean|['quean', 'bagman', 'aureate', 'dudgeon', 'ascian']
101|aureate|['arcuate', 'augean', 'parcae', 'saudade', 'roulette']
102|aurulent|['feculent', 'esculent', 'opulent', 'aureate', 'redolent']
103|autodidact|['luxuriant', 'mudita', 'bucolic', 'volitant', 'autogolpe']
104|autodidacticism ; the process or practice of learning a subject without a teacher or formal education; self|['googling a word now provides all kinds of info', 'propreantepenultimate', 'agathocacological', 'tintinnabulation', 'aesopian language']
105|autogolpe|['tope', 'octothorpe', 'autonoesis', 'apogee', 'ouroboros']
106|autonoesis|['autopoiesis', 'apophasis', 'autogolpe', 'anagnorisis', 'aposiopesis']
107|autopoiesis|['autonoesis', 'aposiopesis', 'apophasis', 'atropos', 'holophrasis']
108|ayauhcozamalotl|['autodidact', 'bacchanal', 'bacchanalian', 'edulcorate', 'mythomania']
109|bacchanal|['bacchanalian', 'blepharal', 'bagman', 'chiral', 'carceral']
110|bacchanalian|['bacchanal', 'antithalian', 'aphantasia', 'bathykolpian', 'blepharal']
111|backpfeifengesicht|['lackadaisical', 'bakfiets', 'appetency', 'stellenbosch', 'defenestrate']
112|bafflegab|['bakfiets', 'darkle', 'banneret', 'brabble', 'balter']
113|bagatelle|['brabble', 'ratatouille', 'quaintrelle', 'agathism', 'balter']
114|bagman|['brumal', 'lagoon', 'augean', 'maw', 'bumf']
115|bailiwick|['maieutic', 'dalliance', 'bilious', 'elflock', 'malaise']
116|bakfiets|['bafflegab', 'banneret', 'waft', 'balter', 'akimbo']
117|balter|['smatter', 'jape', 'waft', 'alastor', 'banneret']
118|banneret|['balter', 'carcanet', 'nigget', 'cathect', 'carceral']
119|barathrum|['rastrum', 'arcturus', 'agathism', 'paracosm', 'panjandrum']
120|bathykolpian|['bacchanalian', 'botryoidal', 'anhedonia', 'antithalian', 'stentorian']
121|batrachophagous|['diaphanous', 'atramentous', 'atropos', 'obstreperous', 'catachresis']
122|becoming|['fetching', 'bucolic', 'anomie', 'redolent', 'laconic']
123|beleaguer|['claque', 'faldage', 'languor', 'burgher', 'balter']
124|bellibone|['vellicate', 'ebullient', 'albion', 'belvedere', 'bilious']
125|belvedere|['provender', 'bellibone', 'beleaguer', 'bluebeard', 'balter']
126|benighted|['tenanted', 'burgher', 'decimate', 'nigget', 'etiolated']
127|benthocosm|['henotheism', 'etiology', 'psithurism', 'atropos', 'agathism']
128|bibliolatry|['heliolatry', 'hagiolatry', 'etiolated', 'bilious', 'isolato']
129|bijou|['brood', 'timon', 'bilious', 'dixi', 'jingo']
130|bijouterie|['esoteric', 'bijou', 'exoteric', 'bagatelle', 'tricoteuse']
131|bilious|['niveous', 'bijou', 'obelus', 'invidious', 'lour']
132|billet-doux|['bilious', 'melliferous', 'mellifluous', 'illeism', 'imperious']
133|blancmanges|['bagman', 'carcanet', 'ananke', 'bacchanal', 'ascian']
134|blatherskite|['lachesis', 'guttersnipe', 'lachrymose', 'apotheosis', 'saturnine']
135|blepharal|['plethora', 'bacchanal', 'ethereal', 'bluebeard', 'anaphora']
136|bluebeard|['belvedere', 'blepharal', 'upbraid', 'gleed', 'quean']
137|bluestocking|['becoming', 'fetching', 'pluton', 'squittering', 'cleptocracy']
138|boondoggle|['honeyfuggle', 'zaggle', 'mooncalf', 'mondegreen', 'apogee']
139|botryoidal|['brumal', 'connubial', 'brood', 'mottainai', 'apocryphal']
891|boustrophedon|['epistrophe', 'poltroon', 'obstreperous', 'burgher', 'ouroboros']
140|bowdlerize|['bijouterie', 'locarnize', 'cerise', 'temporize', 'roulette']
141|brabble|['greeble', 'tranche', 'darkle', 'zaggle', 'ripple']
142|breviloquence|['melliloquent', 'deliquesce', 'eloquent', 'grandiloquent', 'effloresce']
143|brinkmanship|['blancmanges', 'monomania', 'cineraria', 'skiamachy', 'menhir']
144|brood|['droog', 'prosody', 'roué', 'kloof', 'bijou']
145|brumal|['bumf', 'bagman', 'rta', 'coeval', 'vernal']
146|bruxism|['paroxysm', 'illeism', 'sophism', 'brumal', 'dixi']
147|bucolic|['laconic', 'becoming', 'demotic', 'abulia', 'burgher']
148|bumf|['brumal', 'futz', 'qua', 'quiff', 'fug']
149|burgher|['balter', 'murmur', 'luthier', 'apogee', 'furtive']
150|cachinnate|['comminate', 'decimate', 'arcuate', 'aureate', 'titivate']
151|cacography|['ropography', 'holograph', 'cenotaph', 'cacotopia', 'panoply']
152|cacotopia|['acyrologia', 'catspaw', 'cenotaph', 'laconic', 'cacography']
153|cadence|['cafuné', 'nascency', 'adonize', 'cathect', 'ingenue']
154|cafuné|['crunt', 'cairn', 'calumny', 'lacuna', 'calx']
155|cairn|['ravin', 'chiral', 'calx', 'cafuné', 'chyron']
156|callipygian|['palliation', 'tellurian', 'kalopsia', 'talisman', 'riparian']
157|calumny|['cafuné', 'lacuna', 'churly', 'malus', 'crunt']
158|calx|['jape', 'waft', 'lilt', 'kalpa', 'malus']
159|canarding|['nibling', 'aniline', 'anodyne', 'cairn', 'abaddon']
16|candelabra|['cineraria', 'conflate', 'anhedonia', 'penumbra', 'hagiolatry']
160|canescent|['evanescent', 'tumescent', 'cadence', 'cognoscenti', 'lambent']
161|carbuncle|['gruntle', 'cadence', 'carceral', 'arcuate', 'parcae']
162|carcanet|['parcae', 'arcuate', 'caryatid', 'mordant', 'chicanery']
163|carceral|['carcanet', 'corbeau', 'mercurial', 'chiral', 'coeval']
164|caryatid|['carcanet', 'tarantism', 'hamartia', 'argot', 'arcuate']
165|casuistry|['sophistry', 'cairn', 'calumny', 'desultory', 'cataplexy']
166|casus belli|['antebellum', 'casuistry', 'canescent', 'bagatelle', 'umbrella']
167|catachresis|['lachesis', 'katabasis', 'cataplexy', 'cathect', 'gargalesis']
168|cataphracted|['cathect', 'catachresis', 'cataplexy', 'amaranth', 'ataraxy']
169|cataplexy|['ataraxy', 'acatalepsy', 'cathect', 'panoply', 'calx']
170|cathect|['decathect', 'lambent', 'catspaw', 'lithe', 'cadence']
171|catspaw|['kalpa', 'cathect', 'tulpa', 'chatoyant', 'parcae']
172|cenotaph|['cunctator', 'neoteny', 'cacotopia', 'holograph', 'cacography']
173|cephalophore|['ommatophore', 'malaphor', 'hypophora', 'anthypophora', 'anaphora']
174|cerebrotonic|['cacotopia', 'peroration', 'demotic', 'dendritic', 'parergon']
175|cerise|['xeric', 'ferule', 'verve', 'pariah', 'parcae']
176|chantpleure|['craquelure', 'cataplexy', 'candelabra', 'hachure', 'cynosure']
177|charientism|['tarantism', 'mithridatism', 'maieutic', 'arietiform', 'asterism']
178|chatoyant|['halcyon', 'chyron', 'cathect', 'essorant', 'carcanet']
179|chiaroscuro|['chiasmus', 'cynosure', 'chicanery', 'chiral', 'chyron']
180|chicanery|['carcanet', 'chiasmus', 'hiraeth', 'scrivener', 'chiral']
181|chiral|['churly', 'wheal', 'moirai', 'cairn', 'coeval']
182|chitosemidori|['arietiform', 'philodox', 'thagomizer', 'cucumeriform', 'chicanery']
183|churly|['chiral', 'chyron', 'comely', 'knurl', 'squirl']
184|chyron|['chiral', 'cairn', 'churly', 'orison', 'timon']
185|cimmerian|['riparian', 'tellurian', 'cineraria', 'sidereal', 'tempera']
186|cineraria|['penetralia', 'oneiric', 'suzerain', 'cimmerian', 'akrasia']
187|cingulomania|['monomania', 'mythomania', 'opsomania', 'drapetomania', 'cineraria']
188|circumlocution|['anaculothon', 'proprioception', 'embrocation', 'nickelodeon', 'cingulomania']
189|claque|['slake', 'malus', 'glamour', 'alazon', 'sluice']
190|cleptocracy|['geniocracy', 'kleptoplasty', 'gerontocracy', 'aleatory', 'aliteracy']
191|clotho|['lithe', 'lothario', 'louche', 'lour', 'ploce']
192|coeval|['wheal', 'chiral', 'quean', 'carceral', 'corbeau']
193|cognoscenti|['canescent', 'evanescent', 'nigrescence', 'nascency', 'monosemy']
17|coiffure|['cynosure', 'inure', 'leisure', 'conflate', 'fluke']
194|comely|['contumely', 'churly', 'moiety', 'polytely', 'temul']
195|comminate|['cachinnate', 'conflate', 'costive', 'ultimate', 'aestivate']
196|complaisant|['volitant', 'concomitant', 'gisant', 'malaise', 'covenant']
197|compotator|['cunctator', 'comminate', 'copacetic', 'conatus', 'conflate']
198|conatus|['obelus', 'malus', 'conflate', 'claque', 'chiasmus']
199|concision|['elision', 'orison', 'erudition', 'monopsony', 'inanition']
200|concomitant|['concision', 'volitant', 'complaisant', 'connubial', 'comminate']
201|concupiscence|['nigrescence', 'concision', 'cognoscenti', 'nascency', 'canescent']
202|conflate|['conatus', 'peculate', 'prolate', 'coiffure', 'comminate']
203|connubial|['contumely', 'mercurial', 'ennui', 'concision', 'obnubilate']
204|contranym|['contronym', 'aptronym', 'pangram', 'covenant', 'contumely']
205|contrecoup|['contronym', 'contranym', 'concision', 'contumely', 'conatus']
206|contronym|['contranym', 'aptronym', 'iconotropy', 'anacronym', 'endonym']
207|contumely|['comely', 'tontine', 'contranym', 'contronym', 'churly']
208|copacetic|['diegetic', 'maieutic', 'sybaritic', 'pomaceous', 'laconic']
209|corbeau|['parvenu', 'comely', 'obelus', 'carceral', 'coeval']
210|costive|['vestige', 'furtive', 'tontine', 'roscid', 'pastiche']
211|covenant|['coeval', 'mordant', 'volitant', 'carcanet', 'koalang']
212|craquelure|['claque', 'chantpleure', 'cynosure', 'cadence', 'rivulose']
213|crepuscular|['pulviscular', 'jentacular', 'prebuttal', 'esculent', 'recusant']
214|crunt|['ort', 'cafuné', 'argot', 'gruntle', 'puce']
215|cryptomnesia|['cryptophasia', 'paramnesia', 'drapetomania', 'orthogenesis', 'paresthesia']
216|cryptophasia|['cryptomnesia', 'nyctophilia', 'apophasis', 'hypophora', 'cacotopia']
217|cucumeriform|['euhemerism', 'arietiform', 'aciniform', 'vermiform', 'cimmerian']
218|cunctator|['compotator', 'concision', 'conflate', 'conatus', 'cenotaph']
219|curglaff|['aurulent', 'ululate', 'prolate', 'corbeau', 'augean']
2|cyclogon|['pluton', 'clotho', 'concision', 'parergon', 'myrmidon']
220|cynosure|['leisure', 'inure', 'coiffure', 'evolute', 'involute']
221|dalliance|['ullage', 'aniline', 'odalisque', 'lagniappe', 'alliciency']
222|darkle|['ferule', 'parcae', 'zaggle', 'janky', 'harrow']
223|decathect|['cathect', 'decoct', 'feculent', 'demotic', 'decimate']
224|decimate|['ultimate', 'peculate', 'vellicate', 'opsimath', 'eremite']
225|decoct|['droog', 'dulcet', 'demure', 'demotic', 'decimate']
226|defenestrate|['lemniscate', 'intestate', 'pernoctate', 'perendinate', 'excogitate']
227|deipnosophist|['sophist', 'sophism', 'thanatopsis', 'aposiopesis', 'amnicolist']
228|deliquesce|['eloquent', 'demesne', 'recrudesce', 'desuetude', 'sluice']
229|demagogue|['zaggle', 'apogee', 'demesne', 'demotic', 'demure']
230|demesne|['demure', 'nemesis', 'cerise', 'jejune', 'serein']
231|demotic|['diegetic', 'xeric', 'demesne', 'laconic', 'bucolic']
232|demure|['temul', 'jejune', 'inure', 'demesne', 'leisure']
233|dendritic|['diacritic', 'sybaritic', 'dolorific', 'demotic', 'pendent']
234|denouement|['enjambment', 'redolent', 'emollient', 'feculent', 'omnilegent']
235|descanso|['dysania', 'ascian', 'carcanet', 'gestalt', 'gisant']
236|desuetude|['desultory', 'lassitude', 'demesne', 'demure', 'dissemble']
237|desultory|['desuetude', 'casuistry', 'demure', 'sedulous', 'aleatory']
238|deuteragonist|['euhemerism', 'telamon', 'extropianism', 'phlebotomist', 'demagogue']
239|diacritic|['dendritic', 'diegetic', 'dolorific', 'sybaritic', 'laconic']
240|diaphanous|['imperious', 'unasinous', 'anaphora', 'aphantasia', 'sphagnum']
241|diegetic|['demotic', 'diacritic', 'nigget', 'maieutic', 'dixi']
242|discalceate|['discalced', 'isolato', 'imbricate', 'dulcet', 'rusticate']
243|discalced|['discalceate', 'dulcet', 'descanso', 'skyclad', 'diacritic']
244|dissemble|['lissome', 'assemblage', 'greeble', 'imbue', 'demure']
245|dittohead|['litotes', 'lithe', 'nithered', 'sisyphean', 'epitrochoid']
246|dixi|['doxy', 'sic', 'gigil', 'elixir', 'lilt']
247|doctrinaire|['locarnize', 'mottainai', 'comminate', 'decimate', 'dotard']
248|doggerel|['carceral', 'spandrel', 'demure', 'sidereal', 'nonpareil']
249|dolorific|['diacritic', 'dendritic', 'oneiric', 'orphic', 'sybaritic']
250|dorodango|['mordant', 'descanso', 'horology', 'koalang', 'droog']
251|doryphore|['torpor', 'hypophora', 'anaphora', 'malaphor', 'orphic']
252|dotard|['lothario', 'rta', 'untoward', 'roscid', 'ort']
253|doxy|['oofy', 'dixi', 'lour', 'ort', 'droog']
254|drapetomania|['opsomania', 'mythomania', 'monomania', 'cingulomania', 'cryptophasia']
255|droog|['brood', 'doxy', 'grok', 'kloof', 'roué']
256|dudgeon|['augean', 'lagoon', 'eidolon', 'kludge', 'quean']
257|dulcet|['puce', 'decoct', 'ploce', 'dudgeon', 'umwelt']
258|dysania|['gisant', 'sapid', 'descanso', 'opsomania', 'akrasia']
259|dysteleology|['teleology', 'teleonomy', 'ktenology', 'etiology', 'vexillology']
260|dystheism|['asterism', 'henotheism', 'agathism', 'aesthete', 'dysania']
261|décolletage|['discalceate', 'ullage', 'excogitate', 'roulette', 'dalliance']
262|ebullient|['emollient', 'feculent', 'opulent', 'esculent', 'dulcet']
263|ecdysiast|['recusant', 'recidivist', 'lachesis', 'polysemant', 'essorant']
264|ecumenopolis|['jumentous', 'autonoesis', 'amnicolist', 'onomatopoeia', 'ouroboros']
265|edulcorate|['equivocate', 'elucubrate', 'dulcet', 'peculate', 'ultimate']
266|effervescent|['evanescent', 'effloresce', 'tumescent', 'canescent', 'viridescent']
267|effloresce|['effervescent', 'elflock', 'recrudesce', 'limerence', 'edulcorate']
268|eidolon|['dudgeon', 'redolent', 'lagoon', 'endonym', 'elision']
269|eigengrau|['pangram', 'exigent', 'ephemeral', 'exemplar', 'nigget']
270|elflock|['ploce', 'tussock', 'elision', 'decoct', 'pleroma']
271|elision|['elixir', 'orison', 'albion', 'pluton', 'lissome']
272|elixir|['dixi', 'elision', 'lilt', 'lour', 'ennui']
273|eloquent|['melliloquent', 'redolent', 'emollient', 'esculent', 'lambent']
274|elucubrate|['edulcorate', 'lucubration', 'ululate', 'equivocate', 'arcuate']
275|embonpoint|['emollient', 'ebullient', 'tontine', 'essorant', 'eidolon']
276|embrocation|['peroration', 'imbricate', 'oblectation', 'erudition', 'imbroglio']
277|emollient|['ebullient', 'esculent', 'redolent', 'eloquent', 'mordant']
278|endonym|['ennui', 'anacronym', 'pendent', 'eidolon', 'contronym']
279|enjambment|['lambent', 'denouement', 'pendent', 'incipient', 'ebullient']
280|ennui|['preux', 'inure', 'jingo', 'lour', 'vernal']
281|ephemeral|['ethereal', 'euhemerism', 'sidereal', 'chiral', 'carceral']
282|epicaricacy|['parcae', 'epicycle', 'sicario', 'aliteracy', 'imbricate']
9|epicycle|['manicule', 'skinkle', 'ploce', 'euchre', 'parcae']
283|epiphany|['theophany', 'lexiphanic', 'elision', 'epicycle', 'essorant']
65|epistrophe|['pastiche', 'epitrochoid', 'eucatastrophe', 'nepenthe', 'boustrophedon']
8|epitrochoid|['trochoid', 'epistrophe', 'petrichor', 'apotropaic', 'dittohead']
284|eponymous|['mononymous', 'polysemous', 'pomaceous', 'endonym', 'uxorious']
285|equivocate|['edulcorate', 'elucubrate', 'etiolated', 'evocative', 'evolute']
286|eremite|['anomie', 'prolate', 'evolute', 'greeble', 'ersatz']
287|ersatz|['prolate', 'aureate', 'rta', 'argot', 'crunt']
288|erstwhile|['vestige', 'aesthete', 'costive', 'eremite', 'sophism']
289|erudition|['inanition', 'peroration', 'elision', 'eremite', 'orison']
290|erythrean|['ethereal', 'euchre', 'sisyphean', 'yestreen', 'riparian']
291|esculent|['feculent', 'aurulent', 'opulent', 'ebullient', 'redolent']
292|escutcheon|['esculent', 'sisyphean', 'cathect', 'pluton', 'louche']
293|esoteric|['exoteric', 'xeric', 'oneiric', 'asterism', 'demotic']
294|essorant|['mordant', 'esculent', 'gisant', 'chatoyant', 'luxuriant']
295|ethereal|['ephemeral', 'sidereal', 'wheal', 'erythrean', 'chiral']
296|etiolated|['heliolatry', 'evolute', 'etiology', 'prolate', 'tenanted']
297|etiology|['ktenology', 'teleology', 'horology', 'etiolated', 'eidolon']
298|eucatastrophe|['epistrophe', 'euchre', 'octothorpe', 'cacography', 'cacotopia']
299|euchre|['puce', 'louche', 'hachure', 'poché', 'inure']
300|euhemerism|['ephemeral', 'spoonerism', 'nemesis', 'temerity', 'asterism']
301|evanescent|['canescent', 'tumescent', 'plangent', 'viridescent', 'cognoscenti']
302|evocative|['evolute', 'costive', 'furtive', 'embrocation', 'tontine']
3|evolute|['involute', 'prolate', 'evocative', 'eremite', 'peculate']
303|excogitate|['pernoctate', 'decimate', 'conflate', 'comminate', 'etiolated']
304|exeleutherostomize|['metagrobolize', 'blatherskite', 'guttersnipe', 'cerebrotonic', 'lethologica']
305|exemplar|['tempera', 'temul', 'eremite', 'ashlar', 'ephemeral']
306|exergasia|['akrasia', 'penetralia', 'querencia', 'xeric', 'cineraria']
307|exigent|['pediment', 'opulent', 'esculent', 'eloquent', 'plangent']
308|exoteric|['esoteric', 'xeric', 'oneiric', 'demotic', 'bijouterie']
309|expostulation|['percontation', 'exsanguination', 'jactitation', 'erudition', 'peroration']
310|exsanguination|['expostulation', 'jactitation', 'ratiocination', 'inanition', 'palliation']
311|extropianism|['apotropaic', 'apophasis', 'mythomania', 'exergasia', 'aptronym']
312|faldage|['saudade', 'ullage', 'farrago', 'sabrage', 'parcae']
313|farrago|['sabrage', 'faldage', 'pariah', 'ferrule', 'argot']
314|façon de parler|"['pourparler', 'mondegreen', ""raison d'etre"", 'boondoggle', 'candelabra']"
315|feckless|['feculent', 'ferule', 'lachesis', 'frass', 'darkle']
316|feculent|['esculent', 'aurulent', 'ferule', 'opulent', 'recusant']
317|felicitation|['oblectation', 'palliation', 'jactitation', 'percontation', 'humicubation']
318|felicitous|['felicity', 'fugacious', 'bilious', 'felicitation', 'elision']
319|felicity|['felicitous', 'velleity', 'apricity', 'vellicate', 'elision']
320|ferhoodle|['ferule', 'ferrule', 'kerfuffle', 'brood', 'recondite']
321|ferrule|['ferule', 'darkle', 'demure', 'vernal', 'verve']
322|ferule|['ferrule', 'mettle', 'demure', 'darkle', 'feculent']
323|festschrift|['fetching', 'weltschmerz', 'essorant', 'menticide', 'reptatorial']
324|fetching|['becoming', 'tetchy', 'menhir', 'offing', 'festschrift']
325|feuillemort|['vexillology', 'verklempt', 'feculent', 'dulcet', 'desultory']
326|fifth column|['benthocosm', 'eidolon', 'calumny', 'contrecoup', 'diaphanous']
327|figura serpentinata|['perendinate', 'porpentine', 'serendipity', 'propreantepenultimate', 'rasputitsa']
328|flammulated|['ululate', 'stridulate', 'etiolated', 'ultimate', 'peculate']
329|fluke|['slake', 'futz', 'kludge', 'puce', 'fug']
330|foofaraw|['anorak', 'dotard', 'lothario', 'moirai', 'gonfalon']
331|forbearance|['porpentine', 'foofaraw', 'corbeau', 'limerence', 'oscitancy']
11|foreshortening|['doryphore', 'vespertine', 'bluestocking', 'fetching', 'cerebrotonic']
332|frangible|['brabble', 'gruntle', 'manicule', 'zaggle', 'tranche']
333|frass|['maw', 'fug', 'fluke', 'akrasia', 'ferule']
334|fremdschämen|['frenchified', 'weltschmerz', 'festschrift', 'lemniscate', 'tranche']
335|frenchified|['fetching', 'trochoid', 'tranche', 'recherce', 'frangible']
336|fug|['qua', 'futz', 'roué', 'bumf', 'sic']
337|fugacious|['pomaceous', 'felicitous', 'uxorious', 'unasinous', 'muckibus']
338|furlough|['ullage', 'querulous', 'droog', 'ferrule', 'faldage']
339|furtive|['costive', 'quercine', 'aureate', 'ferule', 'ferrule']
340|fusillade|['ullage', 'ululate', 'rusticate', 'saudade', 'faldage']
341|fustilugs|['furlough', 'susurrus', 'fugacious', 'fusillade', 'vestige']
342|futz|['fug', 'puce', 'ort', 'bumf', 'fluke']
343|gambol|['lagoon', 'temul', 'albion', 'gigil', 'grok']
344|gargalesis|['katabasis', 'lachesis', 'paramnesia', 'nemesis', 'exergasia']
345|gaslighting|['palliation', 'bailiwick', 'vespertine', 'volitant', 'lassitude']
346|geniocracy|['gerontocracy', 'cleptocracy', 'ochlocracy', 'timocracy', 'aliteracy']
347|gerontocracy|['geniocracy', 'cleptocracy', 'kakistocracy', 'pernoctate', 'timocracy']
348|gestalt|['gisant', 'vestige', 'aesthete', 'aestival', 'vernal']
349|gigil|['pugil', 'dixi', 'timon', 'xeric', 'ripple']
350|gisant|['gestalt', 'lilt', 'orison', 'dysania', 'crunt']
351|gizzard|['gisant', 'dotard', 'gleed', 'inure', 'aizuchi']
352|glamour|['lour', 'murmur', 'gambol', 'claque', 'alastor']
353|gleed|['slake', 'wheal', 'dulcet', 'gigil', 'lour']
354|gonfalon|['orison', 'mooncalf', 'gossamer', 'koalang', 'coeval']
355|gongoozling|['nibling', 'gonfalon', 'amnicolist', 'zugzwang', 'canarding']
356|googling a word now provides all kinds of info|['in flagrante delicto', 'l’appel du vide', 'ultracrepidarianism', 'ultracrepidarian', 'autopoiesis']
357|gossamer|['lissome', 'glamour', 'costive', 'gestalt', 'gisant']
358|grandiloquent|['melliloquent', 'eloquent', 'breviloquence', 'redolent', 'parciloquy']
359|greeble|['brabble', 'gruntle', 'ripple', 'ferule', 'gleed']
360|grimthorpe|['octothorpe', 'epistrophe', 'arietiform', 'recherce', 'plethora']
361|grocer's apostrophe|['epistrophe', 'eucatastrophe', 'amour propre', 'ropography', 'grimthorpe']
362|grok|['droog', 'argot', 'ort', 'brood', 'rta']
12|grundriss|['bruxism', 'guytrash', 'gruntle', 'dendritic', 'maudlin']
363|gruntle|['crunt', 'greeble', 'brumal', 'mettle', 'ferule']
364|guttersnipe|['saturnine', 'blatherskite', 'quercine', 'asterism', 'autogolpe']
365|guytrash|['suzerain', 'frass', 'gestalt', 'grundriss', 'putsch']
366|götterdämmerung|['völkerwanderung', 'tatterdemalion', 'guttersnipe', 'trumpery', 'tempera']
367|hachure|['euchre', 'noceur', 'inure', 'demure', 'lacuna']
368|hagiolatry|['heliolatry', 'bibliolatry', 'etiolated', 'samizdat', 'etiology']
369|halcyon|['albion', 'alazon', 'lagoon', 'pluton', 'telamon']
370|hamartia|['omerta', 'riparian', 'ataraxy', 'sicario', 'dysania']
371|hapax legomenon|['anaculothon', 'saprogenic', 'drapetomania', 'hobbledehoy', 'poltroon']
372|harrow|['argot', 'darkle', 'droog', 'pilcrow', 'parcae']
13|heliocaminus|['felicitous', 'heliolatry', 'becoming', 'perspicacious', 'lascivious']
373|heliolatry|['hagiolatry', 'bibliolatry', 'etiolated', 'teleology', 'etiology']
374|henotheism|['wegotism', 'dystheism', 'agathism', 'sophism', 'benthocosm']
375|hermeneutics|['maieutic', 'serendipity', 'demotic', 'nemesis', 'diegetic']
376|hesychastic|['holophrastic', 'lexiphanic', 'sybaritic', 'pleonastic', 'esoteric']
377|heterological|['lethologica', 'acyrologia', 'botryoidal', 'ktenology', 'anthropodicy']
378|hierophant|['theophany', 'epiphany', 'gisant', 'pleroma', 'hiraeth']
379|hiraeth|['chiral', 'gisant', 'amaranth', 'nigget', 'miasma']
380|hobbledehoy|['polytely', 'shibboleth', 'oubliette', 'belvedere', 'hoyden']
381|holograph|['ropography', 'cacography', 'holophrasis', 'cenotaph', 'hiraeth']
382|holophrasis|['holophrastic', 'apophasis', 'holograph', 'autopoiesis', 'lothario']
383|holophrastic|['holophrasis', 'hesychastic', 'holograph', 'dolorific', 'apophasis']
384|honeyfuggle|['ineffable', 'boondoggle', 'kerfuffle', 'pettyfogger', 'contumely']
385|horology|['etiology', 'teleology', 'prosody', 'ktenology', 'droog']
386|horripilation|['felicitation', 'humicubation', 'erudition', 'palliation', 'embrocation']
387|houghmagandy|['opsomania', 'hagiolatry', 'niggardly', 'oscitancy', 'potvaliancy']
388|hoyden|['podunk', 'chyron', 'mordant', 'pendent', 'tope']
389|humicubation|['lucubration', 'felicitation', 'oblectation', 'ratiocination', 'horripilation']
390|hypaethral|['hiraeth', 'plethora', 'hypophora', 'ephemeral', 'reptatorial']
391|hypegiaphobia|['hypophora', 'phobophobia', 'hyperthymia', 'katagelophobia', 'pegamoid']
392|hyperthymia|['alexithymia', 'hamartia', 'hypaethral', 'hypegiaphobia', 'hypophora']
393|hypophora|['anthypophora', 'anaphora', 'malaphor', 'hypaethral', 'phobophobia']
394|iconoclast|['conflate', 'iconotropy', 'concomitant', 'ecdysiast', 'pernoctate']
395|iconotropy|['contronym', 'monopsony', 'zoanthropy', 'cenotaph', 'iconoclast']
396|idioglossia|['panglossian', 'idiolect', 'anosognosia', 'kalopsia', 'exergasia']
397|idiolect|['redolent', 'otiose', 'nigget', 'bucolic', 'cathect']
398|ignivomous|['niveous', 'invidious', 'mononymous', 'lascivious', 'bilious']
399|illeism|['asterism', 'bruxism', 'sophism', 'jingoism', 'velleity']
400|imbricate|['vellicate', 'rusticate', 'oubliette', 'imbroglio', 'sabrage']
401|imbroglio|['seraglio', 'imbricate', 'umbrella', 'embrocation', 'imbue']
402|imbue|['inure', 'temul', 'qua', 'verve', 'malus']
403|imperious|['uxorious', 'invidious', 'muckibus', 'bilious', 'mumpsimus']
404|in flagrante delicto|['mirabile dictu', 'in silico', 'noblesse oblige', 'nigrescence', 'pareidolia']
405|in silico|['inanition', 'isolato', 'aniline', 'oneiric', 'incipient']
406|inamorata|['anaphora', 'hamartia', 'omerta', 'intestate', 'involute']
407|inanition|['erudition', 'albion', 'incipient', 'panopticon', 'in silico']
408|incipient|['exigent', 'aniline', 'ebullient', 'invidious', 'emollient']
409|incorrigible|['frangible', 'incipient', 'insouciance', 'ineffable', 'carbuncle']
410|ineffable|['intestate', 'greeble', 'conflate', 'knell', 'sidereal']
411|ingenue|['involute', 'inglenook', 'imbue', 'ennui', 'inure']
412|inglenook|['ingenue', 'isolato', 'inure', 'invidious', 'nepenthe']
413|insalubrious|['imperious', 'invidious', 'obsequious', 'susurrous', 'albion']
414|insouciance|['sluice', 'dalliance', 'oscitancy', 'snowclone', 'ascian']
415|intercalary|['intestate', 'jentacular', 'ataraxy', 'uhtcearu', 'untoward']
416|intestate|['inamorata', 'aesthete', 'vestige', 'imbricate', 'involute']
417|inure|['knurl', 'leisure', 'puce', 'lour', 'imbue']
418|invidious|['niveous', 'imperious', 'bilious', 'ignivomous', 'incipient']
4|involute|['evolute', 'inure', 'ingenue', 'isolato', 'prolate']
419|ipsedixitism|['illeism', 'psittacism', 'wegotism', 'meliorism', 'mithridatism']
420|isolato|['prolate', 'ululate', 'slake', 'evolute', 'ashlar']
421|jactitation|['palliation', 'felicitation', 'oblectation', 'percontation', 'lucubration']
422|janky|['jape', 'jingo', 'ananke', 'ennui', 'slake']
423|jape|['tope', 'kalpa', 'sapid', 'janky', 'maw']
424|jejune|['ferule', 'demure', 'ferrule', 'puce', 'fluke']
425|jentacular|['antejentacular', 'crepuscular', 'manicule', 'peculate', 'ashlar']
426|jingo|['janky', 'jingoism', 'inure', 'ennui', 'akimbo']
427|jingoism|['jingo', 'illeism', 'wegotism', 'ingenue', 'sophism']
428|joie de vivre|['eremite', 'tendentious', 'l’appel du vide', 'belvedere', 'taedium vitae']
429|jumentous|['atramentous', 'sumptuous', 'imperious', 'mumpsimus', 'uxorious']
430|jusqu'auboutiste|['absquatulate', 'obscurantism', 'querulous', 'susurrous', 'susurrus']
431|kakistocracy|['gerontocracy', 'geniocracy', 'aliteracy', 'timocracy', 'cleptocracy']
432|kakorrhaphiophobia|['katagelophobia', 'aibohphobia', 'phobophobia', 'hypegiaphobia', 'anthypophora']
433|kalopsia|['kalpa', 'akrasia', 'kloof', 'panoply', 'telos']
434|kalpa|['tulpa', 'kalopsia', 'malus', 'calx', 'jape']
435|katabasis|['ataraxy', 'akrasia', 'gargalesis', 'thanatosis', 'apophasis']
436|katagelophobia|['kalopsia', 'aibohphobia', 'phobophobia', 'hypegiaphobia', 'anaculothon']
437|kerfuffle|['tartuffe', 'ferule', 'ferrule', 'carbuncle', 'gruntle']
438|kleptolagnia|['kleptoplasty', 'drapetomania', 'opsomania', 'lethologica', 'mythomania']
439|kleptoplasty|['cleptocracy', 'kleptolagnia', 'cryptophasia', 'hierophant', 'prolate']
440|kloof|['lour', 'ploce', 'oofy', 'droog', 'brood']
441|kludge|['ullage', 'fluke', 'sluice', 'slake', 'ploce']
442|knell|['knurl', 'wheal', 'kloof', 'gigil', 'ocellus']
443|knurl|['inure', 'knell', 'squirl', 'churly', 'lour']
444|koalang|['offing', 'mordant', 'nibling', 'kalpa', 'kloof']
445|ktenology|['teleology', 'etiology', 'horology', 'dysteleology', 'teleonomy']
446|lachesis|['catachresis', 'nemesis', 'acedia', 'laconic', 'gargalesis']
447|lachrymose|['lachesis', 'locarnize', 'atropos', 'cachinnate', 'cerise']
448|lackadaisical|['akrasia', 'laconic', 'bacchanal', 'bacchanalian', 'kalopsia']
449|laconic|['lacuna', 'bucolic', 'lachesis', 'demotic', 'adonize']
450|lacuna|['cafuné', 'laconic', 'calumny', 'cairn', 'podunk']
451|lacustrine|['saturnine', 'costive', 'lacuna', 'masstige', 'lachrymose']
452|lagniappe|['lassitude', 'manicule', 'dalliance', 'ananke', 'aniline']
453|lagoon|['alazon', 'bagman', 'languor', 'eidolon', 'cairn']
454|lambent|['plangent', 'opulent', 'gambol', 'enjambment', 'exigent']
455|languor|['lagoon', 'argot', 'pangram', 'glamour', 'plangent']
456|laodicean|['panacea', 'talisman', 'laconic', 'subnivean', 'augean']
457|lascivious|['unasinous', 'bilious', 'invidious', 'obsequious', 'niveous']
458|lassitude|['desuetude', 'masstige', 'leisure', 'solicitude', 'manicule']
459|legerity|['temerity', 'felicity', 'velleity', 'eremite', 'cerise']
460|leisure|['demure', 'inure', 'lissome', 'cynosure', 'lithe']
1|lemniscate|['vellicate', 'decimate', 'imbricate', 'leisure', 'equivocate']
461|lethologica|['heterological', 'acyrologia', 'etiology', 'teleology', 'sophomoric']
462|lexiphanic|['epiphany', 'alexithymia', 'lothario', 'apophasis', 'laconic']
463|lilt|['sic', 'ort', 'lour', 'calx', 'mitty']
464|limacine|['limerence', 'quercine', 'lacuna', 'malaise', 'imbue']
465|limerence|['limacine', 'appetency', 'ingenue', 'demesne', 'cadence']
469|lissome|['litotes', 'elision', 'lithe', 'tussock', 'dissemble']
470|lithe|['louche', 'mitty', 'luthier', 'lilt', 'clotho']
471|litotes|['lithe', 'lissome', 'lilt', 'mitty', 'luthier']
472|locarnize|['cerise', 'lothario', 'adonize', 'laconic', 'doctrinaire']
473|logorrhea|['louche', 'doggerel', 'burgher', 'locarnize', 'litotes']
474|lorgnette|['roulette', 'gruntle', 'aureate', 'oubliette', 'vorfreude']
475|lothario|['clotho', 'dotard', 'sicario', 'lour', 'phthisic']
476|louche|['euchre', 'lithe', 'poché', 'puce', 'lour']
477|lour|['roué', 'noceur', 'qua', 'tope', 'glamour']
478|lucubration|['elucubrate', 'humicubation', 'jactitation', 'peroration', 'felicitation']
479|luthier|['lithe', 'burgher', 'louche', 'menhir', 'euchre']
480|luxuriant|['riparian', 'tellurian', 'recusant', 'essorant', 'aurulent']
481|lückenbüßer|['sockdolager', 'provender', 'locarnize', 'recherce', 'luthier']
482|l’appel du vide|['joie de vivre', 'craquelure', 'taedium vitae', 'lassitude', 'leisure']
483|magnoperate|['pernoctate', 'aureate', 'banneret', 'anorak', 'omerta']
484|maieutic|['diegetic', 'moiety', 'bailiwick', 'copacetic', 'hamartia']
485|malaise|['malus', 'sluice', 'mellify', 'albion', 'illeism']
486|malaphor|['anaphora', 'alastor', 'alazon', 'malaise', 'doryphore']
487|malapropism|['meliorism', 'malaphor', 'malaise', 'aleatoricism', 'agathism']
488|malus|['maw', 'calx', 'telos', 'obelus', 'kalpa']
489|mamihlapinatapai|['aphantasia', 'ratiocination', 'thanatopsis', 'bacchanalian', 'mottainai']
490|manicule|['menticide', 'aniline', 'hachure', 'saeculum', 'malus']
491|masstige|['vestige', 'pastiche', 'costive', 'lassitude', 'malaise']
492|maudlin|['mudita', 'augean', 'ravin', 'saudade', 'aniline']
493|maw|['calx', 'fug', 'malus', 'waft', 'jape']
494|meliorism|['wegotism', 'mellify', 'temporize', 'tellurian', 'cerise']
495|melliferous|['mellifluous', 'mellify', 'felicitous', 'vellichor', 'bellibone']
496|mellifluous|['melliferous', 'felicitous', 'mellify', 'bilious', 'elflock']
497|mellify|['reify', 'velleity', 'stultify', 'felicity', 'vitrify']
498|melliloquent|['eloquent', 'grandiloquent', 'emollient', 'mellifluous', 'bellibone']
499|memento mori|['ommatophore', 'jumentous', 'monopsony', 'cephalophore', 'mononymous']
500|menhir|['murmur', 'orphic', 'mellify', 'terrior', 'elixir']
501|menticide|['manicule', 'rusticate', 'tontine', 'pastiche', 'aniline']
502|mercurial|['tellurian', 'carceral', 'connubial', 'terrior', 'ethereal']
503|meretricious|['perspicacious', 'petrichor', 'tenebrous', 'imperious', 'menticide']
504|messuages|['masstige', 'leisure', 'gossamer', 'vestige', 'ersatz']
505|metagrobolize|['paralogize', 'lethologica', 'magnoperate', 'locarnize', 'ratatouille']
506|metempsychosis|['hesychastic', 'meretricious', 'antanaclasis', 'symbiosis', 'catachresis']
507|mettle|['mitty', 'ferule', 'darkle', 'ferrule', 'jejune']
508|miasma|['mudita', 'bagman', 'toska', 'mitty', 'maw']
509|milquetoast|['philalethist', 'eloquent', 'melliferous', 'malus', 'guytrash']
510|mirabile dictu|['obiter dictum', 'maieutic', 'bailiwick', 'philalethist', 'in silico']
511|mithridatism|['charientism', 'tarantism', 'psithurism', 'psittacism', 'titivate']
512|mitty|['moiety', 'lithe', 'mettle', 'lilt', 'waft']
513|moiety|['mitty', 'comely', 'moirai', 'rockery', 'doxy']
514|moirai|['moiety', 'chiral', 'cairn', 'maw', 'mitty']
515|molybdomancy|['mythomania', 'polysemant', 'mythomane', 'monomania', 'forbearance']
516|mondegreen|['banneret', 'serein', 'sidereal', 'yestreen', 'boondoggle']
517|monomania|['mythomania', 'opsomania', 'mythomane', 'anomie', 'contranym']
518|mononymous|['eponymous', 'ignivomous', 'monosemy', 'monopsony', 'polysemous']
519|monopsony|['monosemy', 'monomania', 'concision', 'panoply', 'orison']
520|monosemy|['monopsony', 'moiety', 'agnosy', 'otiose', 'prosody']
521|mooncalf|['coeval', 'manicule', 'moirai', 'gonfalon', 'calx']
522|mordant|['podunk', 'dorodango', 'ort', 'moirai', 'koalang']
523|mot juste|['otiose', 'mordant', 'malus', 'conflate', 'conatus']
524|mottainai|['moirai', 'doctrinaire', 'tontine', 'mordant', 'contranym']
525|mubblefubbles|['brabble', 'ineffable', 'melliferous', 'bilious', 'kerfuffle']
526|muckibus|['mumpsimus', 'mudita', 'zoilus', 'malus', 'imperious']
527|mudita|['mitty', 'qua', 'tulpa', 'quiff', 'futz']
528|mumpsimus|['sumptuous', 'muckibus', 'uxorious', 'chiasmus', 'jumentous']
529|murmur|['glamour', 'lour', 'roué', 'temul', 'mudita']
530|mutatis mutandis|['talisman', 'mythomania', 'mumpsimus', 'maieutic', 'opsomania']
531|myrmidon|['orison', 'terrior', 'serein', 'vermiform', 'parergon']
532|mythomane|['mythomania', 'erythrean', 'monomania', 'ultimate', 'myrmidon']
533|mythomania|['mythomane', 'monomania', 'opsomania', 'dysania', 'erythrean']
534|nascency|['neoteny', 'cadence', 'parvenu', 'lambent', 'ascian']
535|nefelibata|['felicity', 'vellicate', 'peculate', 'aestivate', 'eremite']
536|nemesis|['demesne', 'niveous', 'serein', 'lachesis', 'temerity']
537|neoteny|['norns', 'moiety', 'comely', 'noceur', 'pendent']
538|nepenthe|['tenanted', 'eremite', 'lithe', 'tranche', 'ingenue']
539|nibling|['quisling', 'aniline', 'koalang', 'offing', 'ravin']
540|nickelodeon|['anaculothon', 'cyclogon', 'niveous', 'feckless', 'nithered']
541|niggardly|['doggerel', 'nigget', 'gizzard', 'riparian', 'sicario']
542|nigget|['argot', 'lithe', 'jingo', 'hiraeth', 'diegetic']
543|nigrescence|['limerence', 'nascency', 'concupiscence', 'viridescent', 'recherce']
544|nihilarian|['riparian', 'tellurian', 'cineraria', 'cimmerian', 'antithalian']
545|nithered|['ethereal', 'lithe', 'dotard', 'benighted', 'banneret']
546|niveous|['bilious', 'nemesis', 'obelus', 'bijou', 'invidious']
547|noblesse oblige|['assemblage', 'dissemble', 'oblectation', 'vestige', 'lissome']
548|noceur|['lour', 'murmur', 'moiety', 'preux', 'puce']
549|noctilucent|['omnilegent', 'sobriquet', 'feculent', 'incipient', 'esculent']
550|non sequitur|['obsequious', 'noceur', 'nullibiquitous', 'seigneur', 'polysemant']
551|nonpareil|['copacetic', 'lothario', 'doggerel', 'oneiric', 'parvenu']
552|norns|['ort', 'anorak', 'anomie', 'frass', 'verve']
553|nullibiquitous|['pulchritudinous', 'felicitous', 'mellifluous', 'pusillanimous', 'insalubrious']
554|nychthemeron|['yestreen', 'ephemeral', 'nickelodeon', 'nithered', 'escutcheon']
555|nyctophilia|['cryptophasia', 'phobophobia', 'apophenia', 'hypophora', 'cacotopia']
556|nympholepsy|['acatalepsy', 'moiety', 'monosemy', 'dystheism', 'neoteny']
557|obdormition|['peroration', 'oblectation', 'myrmidon', 'erudition', 'embrocation']
558|obelus|['ocellus', 'zoilus', 'malus', 'telos', 'corbeau']
559|obiter dictum|['mirabile dictu', 'mithridatism', 'aliteracy', 'asterism', 'obstreperous']
560|oblectation|['felicitation', 'obdormition', 'obtenebration', 'palliation', 'embrocation']
561|obnubilate|['connubial', 'conflate', 'oubliette', 'ululate', 'peculate']
562|obscurantism|['tarantism', 'recusant', 'ipsedixitism', 'psittacism', 'charientism']
563|obsequious|['sedulous', 'bilious', 'obelus', 'non sequitur', 'obstreperous']
564|obstreperous|['obsequious', 'tenebrous', 'susurrous', 'yestreen', 'ouroboros']
565|obtenebration|['oblectation', 'lucubration', 'peroration', 'obdormition', 'tenebrous']
566|ocellus|['obelus', 'zoilus', 'malus', 'telos', 'knell']
567|ochlocracy|['geniocracy', 'timocracy', 'cleptocracy', 'aliteracy', 'gerontocracy']
568|octothorpe|['grimthorpe', 'autogolpe', 'clotho', 'ommatophore', 'torpor']
569|odalisque|['talisman', 'malaise', 'claque', 'dalliance', 'oubliette']
570|offing|['jingo', 'zaftig', 'ravin', 'fug', 'nibling']
571|omerta|['rta', 'ort', 'mettle', 'temerity', 'verve']
572|ommatophore|['cephalophore', 'octothorpe', 'malaphor', 'onomatopoeia', 'hypophora']
573|omnicompetent|['omnilegent', 'concomitant', 'incipient', 'amnicolist', 'denouement']
574|omnilegent|['omnicompetent', 'emollient', 'noctilucent', 'denouement', 'opulent']
575|oneirataxia|['oneiric', 'oneironaut', 'cineraria', 'omerta', 'penetralia']
576|oneiric|['xeric', 'exoteric', 'esoteric', 'orphic', 'omerta']
577|oneironaut|['oneirataxia', 'oneiric', 'essorant', 'pleroma', 'seigneur']
578|onomatopoeia|['ommatophore', 'monomania', 'thanatopsis', 'cacotopia', 'oneirataxia']
579|oofy|['doxy', 'roué', 'ort', 'lour', 'kloof']
580|opsimath|['decimate', 'opsomania', 'ultimate', 'hiraeth', 'isolato']
581|opsomania|['monomania', 'mythomania', 'opsimath', 'dysania', 'essorant']
582|opulent|['esculent', 'aurulent', 'feculent', 'redolent', 'crunt']
583|orison|['timon', 'elision', 'grok', 'gisant', 'brood']
584|orphic|['pyrrhic', 'ort', 'oneiric', 'menhir', 'sapid']
585|ort|['rta', 'crunt', 'maw', 'lour', 'lilt']
18|orthogenesis|['sui generis', 'autonoesis', 'autopoiesis', 'nemesis', 'lachesis']
586|oscitancy|['ascian', 'nascency', 'volitant', 'appetency', 'aliteracy']
587|otiose|['tope', 'oofy', 'toska', 'cerise', 'costive']
588|oubliette|['roulette', 'ultimate', 'vellicate', 'opulent', 'ululate']
589|ouroboros|['uroboros', 'atropos', 'turbot', 'obelus', 'yarborough']
590|overmorrow|['harrow', 'vermiform', 'terrior', 'ouroboros', 'aleatory']
591|paedomorphic|['dolorific', 'sophomoric', 'orphic', 'pyrrhic', 'demotic']
592|palimpsest|['pediment', 'kalopsia', 'lambent', 'incipient', 'paramnesia']
593|palliation|['peroration', 'jactitation', 'panopticon', 'elision', 'oblectation']
594|panacea|['spanghew', 'paracosm', 'pangram', 'puce', 'ploce']
595|panglossian|['kalopsia', 'idioglossia', 'ascian', 'palliation', 'talisman']
596|pangram|['anorak', 'plangent', 'pariah', 'panacea', 'rastrum']
597|panjandrum|['barathrum', 'pangram', 'spandrel', 'parvenu', 'ananke']
598|panoply|['anorak', 'janky', 'spanogyny', 'agnosy', 'pangram']
599|panopticon|['peroration', 'poltroon', 'panoply', 'palliation', 'pastiche']
600|paracosm|['paroxysm', 'parcae', 'panacea', 'tarantism', 'anacronym']
601|paralambdacism|['paracosm', 'katabasis', 'psittacism', 'armamentarium', 'malapropism']
602|paralogize|['adonize', 'paracosm', 'sabrage', 'tarantism', 'gargalesis']
603|paramnesia|['paresthesia', 'akrasia', 'panacea', 'gargalesis', 'paracosm']
604|paraprosdokian|['panglossian', 'pareidolia', 'paramnesia', 'parergon', 'paralambdacism']
605|parcae|['pariah', 'darkle', 'ploce', 'puce', 'carcanet']
606|parciloquy|['pareidolia', 'poecilonym', 'accismus', 'parergon', 'pariah']
607|pareidolia|['parciloquy', 'anhedonia', 'eidolon', 'paresthesia', 'parergon']
608|parergon|['argot', 'poltroon', 'harrow', 'farrago', 'peroration']
609|paresthesia|['paramnesia', 'pareidolia', 'aesthete', 'hyperthymia', 'lachesis']
610|pariah|['parcae', 'riparian', 'parvenu', 'vernal', 'pangram']
611|paroxysm|['paracosm', 'aptronym', 'bruxism', 'spanogyny', 'wegotism']
612|parthian shot|['pariah', 'pastiche', 'palliation', 'palimpsest', 'paracosm']
613|parvenu|['parcae', 'pariah', 'corbeau', 'lambent', 'pendent']
614|pastiche|['rusticate', 'putsch', 'costive', 'pariah', 'masstige']
615|peccadillo|['mercurial', 'descanso', 'seraglio', 'sicario', 'scintilla']
616|pecksniffian|['pessimal', 'percontation', 'persnickety', 'panglossian', 'elision']
617|peculate|['ululate', 'decimate', 'prolate', 'arcuate', 'recusant']
618|pediment|['pendent', 'redolent', 'exigent', 'feculent', 'plangent']
619|pegamoid|['telamon', 'seraglio', 'sangfroid', 'pugil', 'sapid']
620|pendent|['plangent', 'pediment', 'parvenu', 'opulent', 'exigent']
621|penetralia|['cineraria', 'exergasia', 'pareidolia', 'aphantasia', 'panacea']
622|penumbra|['demure', 'inure', 'knurl', 'tempera', 'euchre']
623|percontation|['peroration', 'jactitation', 'pernoctate', 'felicitation', 'palliation']
624|perendinate|['pernoctate', 'serendipity', 'porpentine', 'prevaricate', 'recondite']
625|pernoctate|['prolate', 'perendinate', 'persnickety', 'lemniscate', 'cenotaph']
626|peroration|['percontation', 'embrocation', 'erudition', 'palliation', 'lucubration']
627|persiflage, noun|['pusillanimous', 'perspicacious', 'melliferous', 'percontation', 'mellifluous']
628|persnickety|['pernoctate', 'felicity', 'apricity', 'seersucker', 'pastiche']
629|perspicacious|['meretricious', 'pomaceous', 'pusillanimous', 'percontation', 'lascivious']
630|pessimal|['aestival', 'dissemble', 'decimate', 'prebuttal', 'opsimath']
631|petrichor|['vellichor', 'terrior', 'pastiche', 'plethora', 'tetchy']
632|pettyfogger|['vestige', 'demagogue', 'petrichor', 'etiology', 'lethologica']
633|phantasmagoria|['aphantasia', 'paramnesia', 'anosognosia', 'chitosemidori', 'thanatosis']
634|philalethist|['phlebotomist', 'hiraeth', 'milquetoast', 'illeism', 'hypaethral']
635|philodox|['pilcrow', 'eidolon', 'ploce', 'cyclogon', 'halcyon']
636|phlebotomist|['henotheism', 'philalethist', 'tidsoptimist', 'phobophobia', 'milquetoast']
637|phobophobia|['aibohphobia', 'hypophora', 'apophenia', 'nyctophilia', 'hypegiaphobia']
638|phthisic|['luthier', 'lothario', 'agathism', 'orphic', 'sophism']
639|phynnodderee|['cynosure', 'banneret', 'nithered', 'anodyne', 'threnody']
640|pilcrow|['harrow', 'poltroon', 'pluton', 'pleroma', 'halcyon']
641|plangent|['pendent', 'lambent', 'pediment', 'parvenu', 'languor']
642|pleonastic|['pegamoid', 'pastiche', 'snaste', 'alastor', 'peroration']
643|pleroma|['plethora', 'ploce', 'omerta', 'pilcrow', 'zeugma']
644|plethora|['pleroma', 'pluton', 'anaphora', 'clotho', 'aleatory']
645|ploce|['puce', 'fluke', 'lour', 'kloof', 'tope']
646|pluton|['alazon', 'albion', 'plethora', 'futz', 'telamon']
647|pluviophile|['ailurophile', 'limacine', 'ripple', 'pourparler', 'luthier']
0|poché|['ploce', 'puce', 'roué', 'louche', 'roscid']
648|podunk|['crunt', 'lacuna', 'lour', 'cafuné', 'poché']
649|poecilonym|['contronym', 'parciloquy', 'anacronym', 'endonym', 'poltroon']
650|poltroon|['lagoon', 'pilcrow', 'polyptoton', 'parergon', 'pleroma']
19|polychotomy|['psychopomp', 'polyptoton', 'polytely', 'teleonomy', 'polysemous']
651|polylemma|['analemma', 'trilemma', 'polysemant', 'polysemous', 'polytely']
652|polysemant|['polysemous', 'polylemma', 'polytely', 'volitant', 'covenant']
653|polysemous|['polysemant', 'polylemma', 'eponymous', 'pomaceous', 'polytely']
654|polytely|['polylemma', 'comely', 'prolate', 'rockery', 'polysemant']
655|pomaceous|['polysemous', 'fugacious', 'ocellus', 'panacea', 'obelus']
656|popinjay|['moiety', 'sophistry', 'epiphany', 'apophenia', 'polytely']
657|porpentine|['tontine', 'vespertine', 'nepenthe', 'perendinate', 'peroration']
658|potvaliancy|['koalang', 'dalliance', 'scapulimancy', 'oscitancy', 'mottainai']
659|pourparler|['parcae', 'burgher', 'nonpareil', 'aureate', 'torpor']
660|prebuttal|['preux', 'pessimal', 'brumal', 'plethora', 'penumbra']
661|preux|['roué', 'calx', 'imbue', 'droog', 'frass']
662|prevaricate|['rusticate', 'imbricate', 'perendinate', 'vellicate', 'parcae']
663|proclivity|['propinquity', 'apricity', 'felicity', 'prolate', 'emollient']
5|prolate|['peculate', 'ululate', 'evolute', 'arcuate', 'isolato']
664|promontory|['prosody', 'provender', 'monopsony', 'propinquity', 'atramentous']
665|propinquity|['popinjay', 'proclivity', 'apricity', 'promontory', 'parciloquy']
666|propreantepenultimate|['proprioception', 'porpentine', 'figura serpentinata', 'propinquity', 'ultimate']
667|proprioception|['peroration', 'percontation', 'embrocation', 'ratiocination', 'horripilation']
668|prosody|['brood', 'roscid', 'orison', 'droog', 'threnody']
669|provender|['scrivener', 'promontory', 'covenant', 'pendent', 'prosody']
670|psithurism|['psittacism', 'asterism', 'sitzkrieg', 'dystheism', 'sophism']
671|psittacism|['psithurism', 'asterism', 'paracosm', 'illeism', 'sophism']
672|psychopomp|['polychotomy', 'cyclogon', 'atropos', 'hypophora', 'poché']
673|puce|['ploce', 'fug', 'dulcet', 'tope', 'sic']
674|pugil|['gigil', 'puce', 'squail', 'fug', 'ravin']
675|pulchritudinous|['nullibiquitous', 'pusillanimous', 'perspicacious', 'lascivious', 'uxorious']
676|pulviscular|['crepuscular', 'jentacular', 'alnaschar', 'uvula', 'pugil']
677|pusillanimous|['fusillade', 'perspicacious', 'bilious', 'insalubrious', 'polysemous']
678|putsch|['puce', 'pluton', 'ploce', 'pastiche', 'futz']
679|pyrrhic|['orphic', 'xeric', 'poché', 'bucolic', 'menhir']
680|qua|['rta', 'quean', 'fug', 'roué', 'lour']
681|quaintrelle|['bagatelle', 'spandrel', 'scintilla', 'umbrella', 'chantpleure']
682|quean|['qua', 'augean', 'quiff', 'wheal', 'bumf']
683|quercine|['suzerain', 'serein', 'limacine', 'furtive', 'querencia']
684|querencia|['quercine', 'serein', 'querulous', 'quean', 'limerence']
685|querulous|['sedulous', 'saeculum', 'jumentous', 'ferule', 'telos']
686|quiff|['bumf', 'reify', 'quean', 'qua', 'squirl']
687|quincunx|['quisling', 'quercine', 'quiff', 'verecund', 'quean']
688|quintessential|['querencia', 'tumescent', 'canescent', 'guttersnipe', 'cognoscenti']
689|quisling|['nibling', 'quincunx', 'quercine', 'aniline', 'koalang']
690|quockerwodger|['sockdolager', 'lückenbüßer', 'quercine', 'nickelodeon', 'rockery']
691|raison d'etre|['raisonneur', 'recondite', 'aesthete', 'roulette', 'snaste']
692|raisonneur|"[""raison d'etre"", 'seigneur', 'noceur', 'orison', 'rastrum']"
693|rannygazoo|['languor', 'alazon', 'parergon', 'farrago', 'panacea']
694|rasputitsa|['pastiche', 'tarantism', 'rastrum', 'maieutic', 'abulia']
695|rastrum|['barathrum', 'pangram', 'asterism', 'gestalt', 'alastor']
696|ratatouille|['reptatorial', 'bagatelle', 'autogolpe', 'paralogize', 'tartuffe']
697|ratiocination|['felicitation', 'humicubation', 'embrocation', 'jactitation', 'palliation']
698|ravin|['cairn', 'sapid', 'serein', 'albion', 'riparian']
699|recalcitrant|['recusant', 'volitant', 'emollient', 'complaisant', 'cairn']
700|recherce|['rockery', 'hachure', 'euchre', 'recrudesce', 'churly']
701|recidivist|['ecdysiast', 'amnicolist', 'invidious', 'proclivity', 'redolent']
702|recondite|['recusant', 'conflate', 'costive', 'becoming', 'evolute']
703|recrudesce|['recherce', 'recondite', 'deliquesce', 'cadence', 'ferrule']
704|recusant|['feculent', 'redolent', 'gisant', 'esculent', 'peculate']
705|redolent|['feculent', 'pediment', 'eidolon', 'emollient', 'pendent']
706|reify|['oofy', 'quiff', 'mellify', 'waft', 'xeric']
707|reptatorial|['riparian', 'ratatouille', 'pariah', 'ethereal', 'hypaethral']
708|riparian|['pariah', 'nihilarian', 'parcae', 'cimmerian', 'ravin']
709|ripple|['inure', 'rivulose', 'darkle', 'mettle', 'gigil']
710|rivulose|['ripple', 'niveous', 'uvula', 'eidolon', 'evolute']
711|rockery|['recherce', 'noceur', 'comely', 'trumpery', 'moiety']
712|roman a clef|['manicule', 'mooncalf', 'panacea', 'ratatouille', 'comminate']
713|ropography|['holograph', 'cacography', 'rockery', 'apocryphal', 'cenotaph']
714|roscid|['brood', 'poché', 'roué', 'sic', 'ravin']
7|roulette|['oubliette', 'ululate', 'opulent', 'aureate', 'prolate']
715|roué|['lour', 'oofy', 'rta', 'doxy', 'droog']
716|rta|['ort', 'qua', 'omerta', 'roué', 'futz']
717|rusticate|['aestivate', 'ultimate', 'vellicate', 'pastiche', 'titivate']
718|sabrage|['faldage', 'farrago', 'saudade', 'aureate', 'upbraid']
719|sacrosanct|['carcanet', 'saprogenic', 'recusant', 'dalliance', 'aurulent']
720|saeculum|['sedulous', 'manicule', 'peculate', 'obelus', 'temul']
892|samizdat|['sapid', 'talisman', 'saudade', 'lambent', 'mordant']
721|sangfroid|['languor', 'pegamoid', 'sapid', 'pangram', 'jingo']
722|sapid|['sic', 'ravin', 'jape', 'xeric', 'calx']
723|sapiosexual|['sempiternal', 'saprogenic', 'sidereal', 'asphodel', 'coeval']
724|saprogenic|['sacrosanct', 'laconic', 'apophenia', 'apogee', 'sophomoric']
725|saturnine|['lacustrine', 'maudlin', 'sluice', 'canarding', 'quercine']
726|saudade|['faldage', 'sabrage', 'ululate', 'squail', 'maudlin']
727|scapulimancy|['calumny', 'oscitancy', 'dalliance', 'potvaliancy', 'molybdomancy']
728|scintilla|['scintillating', 'skinkle', 'frangible', 'umbrella', 'peccadillo']
729|scintillating|['scintilla', 'nibling', 'stentorian', 'nihilarian', 'intestate']
730|scripturient|['squittering', 'riparian', 'incipient', 'coiffure', 'scrivener']
731|scrivener|['provender', 'parvenu', 'chicanery', 'seigneur', 'saprogenic']
732|scrupulosity|['scripturient', 'serendipity', 'scapulimancy', 'proclivity', 'propinquity']
733|sedulous|['querulous', 'susurrous', 'obsequious', 'susurrus', 'saeculum']
20|seersucker|['persnickety', 'messuages', 'rockery', 'scrivener', 'beleaguer']
734|seigneur|['scrivener', 'smatter', 'inure', 'burgher', 'sedulous']
735|seigniorage|['seigneur', 'eigengrau', 'lemniscate', 'edulcorate', 'geniocracy']
736|sempiternal|['sidereal', 'tempera', 'ephemeral', 'smatter', 'sapiosexual']
737|seraglio|['imbroglio', 'serein', 'sicario', 'farrago', 'ravin']
738|serein|['xeric', 'suzerain', 'sidereal', 'reify', 'sic']
739|serendipity|['perendinate', 'eremite', 'erudition', 'proclivity', 'felicity']
740|shibboleth|['hiraeth', 'brabble', 'involute', 'skinkle', 'isolato']
741|sic|['sapid', 'puce', 'xeric', 'qua', 'maw']
742|sicario|['seraglio', 'sapid', 'lothario', 'riparian', 'squail']
743|sidereal|['ethereal', 'vernal', 'serein', 'riparian', 'ephemeral']
744|sine qua non|['oblectation', 'supercargo', 'peroration', 'sisyphean', 'cineraria']
745|sinistrodextral|['sapiosexual', 'quintessential', 'sidereal', 'kakistocracy', 'carceral']
746|sisyphean|['dittohead', 'subnivean', 'erythrean', 'sidereal', 'ashlar']
747|sitzkrieg|['sicario', 'psithurism', 'squittering', 'nithered', 'vitrify']
748|skiamachy|['aliteracy', 'tranche', 'oscitancy', 'koalang', 'panacea']
749|skinkle|['slake', 'ripple', 'darkle', 'gruntle', 'inure']
750|skyclad|['koalang', 'knell', 'ashlar', 'ascian', 'kalpa']
751|slake|['fluke', 'sluice', 'snaste', 'ploce', 'ullage']
752|sluice|['slake', 'ploce', 'sic', 'fluke', 'squirl']
753|smatter|['snaste', 'balter', 'mettle', 'slake', 'alastor']
754|snaste|['ananke', 'slake', 'smatter', 'inure', 'anomie']
755|snollygoster|['snaste', 'snowclone', 'lachrymose', 'litotes', 'balter']
756|snowclone|['anodyne', 'aniline', 'snaste', 'sluice', 'limacine']
757|sobriquet|['sabrage', 'sophist', 'tontine', 'claque', 'samizdat']
758|sockdolager|['stridulate', 'peculate', 'skyclad', 'boondoggle', 'saudade']
759|solicitude|['felicitous', 'felicity', 'lassitude', 'coiffure', 'volitant']
760|somnambulant|['lambent', 'koalang', 'aurulent', 'complaisant', 'concomitant']
761|sophism|['sophist', 'sophistry', 'orphic', 'sapid', 'bruxism']
762|sophist|['sophism', 'sophistry', 'sapid', 'orphic', 'tontine']
763|sophistry|['sophist', 'sophism', 'casuistry', 'sophomoric', 'popinjay']
764|sophomoric|['opsomania', 'saprogenic', 'sophistry', 'copacetic', 'oneiric']
765|spandrel|['spanghew', 'panacea', 'asphodel', 'pangram', 'squirl']
766|spanghew|['spandrel', 'pangram', 'panacea', 'spanogyny', 'tranche']
767|spanogyny|['panoply', 'spanghew', 'anodyne', 'paroxysm', 'spandrel']
768|spoonerism|['euhemerism', 'sophism', 'asterism', 'psithurism', 'sui generis']
769|sprachgefühl|['spandrel', 'cacography', 'seraglio', 'plangent', 'spanghew']
770|sprezzatura|['penumbra', 'plethora', 'preux', 'prebuttal', 'prolate']
771|squail|['squirl', 'pugil', 'qua', 'slake', 'sicario']
772|squirl|['squail', 'quiff', 'knurl', 'sluice', 'cairn']
773|squittering|['quisling', 'sitzkrieg', 'squirl', 'scripturient', 'quercine']
774|stellenbosch|['teleonomy', 'bellibone', 'telos', 'teleology', 'vellichor']
775|stendhal syndrome|['teleonomy', 'panjandrum', 'tendentious', 'cephalophore', 'thalassocracy']
776|stentorian|['tellurian', 'temporize', 'temerity', 'scintilla', 'tempera']
777|stridulate|['ululate', 'peculate', 'arcuate', 'prolate', 'etiolated']
778|stultify|['mellify', 'furtive', 'saturnine', 'tontine', 'squirl']
779|subnivean|['furtive', 'augean', 'laodicean', 'sisyphean', 'quean']
780|sui generis|['scrivener', 'orthogenesis', 'spoonerism', 'eigengrau', 'seigneur']
781|sumptuary|['sumptuous', 'voluptuary', 'trumpery', 'smatter', 'supercargo']
782|sumptuous|['sumptuary', 'jumentous', 'susurrous', 'mumpsimus', 'uxorious']
783|supercargo|['suzerain', 'sicario', 'quercine', 'sidereal', 'sabrage']
784|surreptitious|['sumptuous', 'meretricious', 'tendentious', 'jumentous', 'hermeneutics']
785|susurrous|['susurrus', 'sedulous', 'uxorious', 'sumptuous', 'usufruct']
786|susurrus|['susurrous', 'sedulous', 'usufruct', 'muckibus', 'murmur']
787|suzerain|['serein', 'augean', 'quean', 'upbraid', 'quercine']
788|sybaritic|['diacritic', 'dendritic', 'dolorific', 'sicario', 'hamartia']
789|symbiosis|['nemesis', 'miasma', 'albion', 'lachesis', 'sophist']
790|syzygy|['doxy', 'janky', 'sabrage', 'mitty', 'moiety']
791|taedium vitae|['élan vital', 'talisman', 'eremite', 'titivate', 'aestivate']
792|talisman|['bagman', 'timon', 'elision', 'telamon', 'gisant']
793|tarantism|['charientism', 'paracosm', 'agathism', 'tenanted', 'caryatid']
794|tartuffe|['arcuate', 'kerfuffle', 'pastiche', 'parcae', 'hachure']
795|tatterdemalion|['antithalian', 'obtenebration', 'götterdämmerung', 'ethereal', 'jactitation']
796|telamon|['timon', 'telos', 'alazon', 'pluton', 'lagoon']
797|teleology|['teleonomy', 'dysteleology', 'etiology', 'ktenology', 'vexillology']
798|teleonomy|['teleology', 'threnody', 'ktenology', 'aleatory', 'telamon']
799|tellurian|['mercurial', 'stentorian', 'terrior', 'meliorism', 'riparian']
800|telos|['telamon', 'malus', 'timon', 'temul', 'obelus']
801|temerity|['legerity', 'felicity', 'temporize', 'terrior', 'eremite']
802|tempera|['trumpery', 'temul', 'omerta', 'tope', 'torpor']
803|temporize|['temerity', 'tempera', 'torpor', 'vespertine', 'demotic']
804|temul|['ferule', 'demure', 'telos', 'timon', 'gambol']
890|tenanted|['benighted', 'snaste', 'ananke', 'balter', 'tranche']
805|tendentious|['tenebrous', 'jumentous', 'atramentous', 'pendent', 'obsequious']
806|tenebrous|['tendentious', 'teleonomy', 'imperious', 'susurrous', 'teleology']
807|terriculament|['esculent', 'feculent', 'telamon', 'peculate', 'pediment']
808|terrior|['torpor', 'cerise', 'serein', 'vermiform', 'ferrule']
809|tetchy|['mitty', 'poché', 'fetching', 'tranche', 'euchre']
810|thagomizer|['temporize', 'adonize', 'anomie', 'paralogize', 'theophany']
811|thalassocracy|['kakistocracy', 'ochlocracy', 'cleptocracy', 'timocracy', 'alastor']
812|thanatopsis|['thanatosis', 'antanaclasis', 'katabasis', 'aphantasia', 'cacotopia']
813|thanatosis|['thanatopsis', 'aphantasia', 'katabasis', 'antanaclasis', 'gargalesis']
814|theophany|['hierophant', 'epiphany', 'tetchy', 'timocracy', 'monopsony']
815|threnody|['teleonomy', 'prosody', 'horology', 'teleology', 'telos']
816|tidsoptimist|['sophist', 'phlebotomist', 'sophism', 'insouciance', 'aposiopesis']
817|timocracy|['ochlocracy', 'geniocracy', 'moirai', 'cleptocracy', 'kakistocracy']
818|timon|['bijou', 'orison', 'temul', 'telamon', 'telos']
819|tintinnabulation|['obtenebration', 'antanaclasis', 'anaculothon', 'scintillating', 'antithalian']
820|titivate|['ultimate', 'aestivate', 'decimate', 'rusticate', 'arcuate']
821|tontine|['costive', 'porpentine', 'furtive', 'vestige', 'aniline']
822|tope|['jape', 'toska', 'roué', 'lour', 'otiose']
823|torpor|['tosspot', 'terrior', 'tope', 'turbot', 'lour']
824|toska|['tope', 'tulpa', 'telos', 'poché', 'uvula']
825|tosspot|['torpor', 'tussock', 'tope', 'toska', 'turbot']
826|tranche|['parcae', 'louche', 'spanghew', 'tetchy', 'gruntle']
827|trichiliocosm|['benthocosm', 'arietiform', 'aciniform', 'philodox', 'in silico']
828|tricoteuse|['litotes', 'recherce', 'bijouterie', 'solicitude', 'arcturus']
829|trilemma|['analemma', 'polylemma', 'temul', 'telamon', 'verklempt']
830|trumpery|['tempera', 'rockery', 'comely', 'tulpa', 'umwelt']
831|tulpa|['kalpa', 'tope', 'qua', 'abulia', 'telos']
832|tumescent|['canescent', 'evanescent', 'viridescent', 'lambent', 'aurulent']
833|turbot|['argot', 'torpor', 'terrior', 'ort', 'brood']
889|tussock|['turbot', 'putsch', 'lissome', 'elflock', 'tosspot']
834|twitterpated|['titivate', 'intestate', 'nithered', 'addlepated', 'etiolated']
835|uhtcearu|['untoward', 'ultimate', 'dotard', 'wheal', 'corbeau']
836|ullage|['ululate', 'kludge', 'slake', 'faldage', 'claque']
837|ultimate|['titivate', 'decimate', 'rusticate', 'ululate', 'vellicate']
838|ultracrepidarian|['ultracrepidarianism', 'horripilation', 'riparian', 'pareidolia', 'paraprosdokian']
839|ultracrepidarianism|['ultracrepidarian', 'extropianism', 'mithridatism', 'riparian', 'pareidolia']
840|ululate|['ullage', 'uvula', 'peculate', 'prolate', 'ultimate']
841|umbrageous|['pomaceous', 'umbrella', 'uxorious', 'sabrage', 'bilious']
842|umbrella|['umwelt', 'obelus', 'imbue', 'imbroglio', 'upbraid']
843|umwelt|['lambent', 'knell', 'comely', 'lilt', 'omerta']
844|unasinous|['uxorious', 'fugacious', 'mumpsimus', 'invidious', 'niveous']
845|untoward|['uhtcearu', 'dotard', 'ultimate', 'upbraid', 'anorak']
846|upbraid|['brood', 'moirai', 'sabrage', 'suzerain', 'caryatid']
847|uroboros|['ouroboros', 'arcturus', 'droog', 'turbot', 'norns']
848|usufruct|['susurrus', 'essorant', 'susurrous', 'crunt', 'turbot']
849|uvula|['tulpa', 'ululate', 'qua', 'abulia', 'puce']
850|uxorious|['unasinous', 'zoilus', 'imperious', 'bilious', 'fugacious']
851|velleity|['felicity', 'mellify', 'illeism', 'temerity', 'legerity']
852|vellicate|['vellichor', 'lemniscate', 'rusticate', 'decimate', 'bellibone']
853|vellichor|['vellicate', 'petrichor', 'vermiform', 'mellify', 'velleity']
854|verecund|['serein', 'lacuna', 'eremite', 'quercine', 'xeric']
855|verisimilitude|['solicitude', 'desuetude', 'eremite', 'lassitude', 'menticide']
856|verklempt|['ferule', 'darkle', 'verve', 'velleity', 'feckless']
857|vermiform|['aciniform', 'terrior', 'myrmidon', 'arietiform', 'vellichor']
858|vernal|['verve', 'chiral', 'cerise', 'coeval', 'temul']
859|verve|['vernal', 'ferule', 'cerise', 'xeric', 'inure']
860|vespertine|['porpentine', 'vestige', 'quercine', 'serein', 'nepenthe']
861|vestige|['costive', 'masstige', 'tontine', 'cerise', 'pastiche']
862|vexillology|['teleology', 'etiology', 'teleonomy', 'horology', 'ktenology']
863|viridescent|['tumescent', 'canescent', 'evanescent', 'effervescent', 'recrudesce']
864|vitrify|['mitty', 'mellify', 'reify', 'vestige', 'ataraxy']
865|volitant|['gisant', 'mordant', 'covenant', 'dotard', 'mudita']
866|voluptuary|['sumptuary', 'volitant', 'desultory', 'dotard', 'polytely']
867|vorfreude|['ferrule', 'lorgnette', 'coiffure', 'verklempt', 'verve']
868|völkerwanderung|['götterdämmerung', 'verecund', 'quockerwodger', 'provender', 'pendent']
869|waft|['calx', 'lilt', 'oofy', 'maw', 'zaftig']
870|waldeinsamkeit|['illeism', 'denouement', 'malaise', 'faldage', 'lissome']
871|wegotism|['demotic', 'henotheism', 'jingoism', 'agathism', 'meliorism']
872|weltschmerz|['vellichor', 'festschrift', 'alnaschar', 'vellicate', 'seersucker']
873|wheal|['chiral', 'coeval', 'quean', 'knell', 'squail']
874|wherewithal|['eremite', 'wheal', 'ethereal', 'prebuttal', 'legerity']
875|whited sepulchre|['euchre', 'joie de vivre', 'chitosemidori', 'dissemble', 'demure']
876|witwanton|['gisant', 'inanition', 'gonfalon', 'telamon', 'hiraeth']
877|xeric|['cerise', 'verve', 'sic', 'oneiric', 'exoteric']
879|yarborough|['furlough', 'harrow', 'sabrage', 'ouroboros', 'droog']
880|yestreen|['aesthete', 'vestige', 'serein', 'poltroon', 'aestival']
881|zaftig|['waft', 'ravin', 'cafuné', 'vestige', 'balter']
882|zaggle|['darkle', 'lagoon', 'argot', 'bagman', 'apogee']
883|zeugma|['qua', 'uvula', 'pleroma', 'miasma', 'pugil']
884|zoanthropy|['contronym', 'iconotropy', 'monopsony', 'contranym', 'contumely']
885|zoilus|['malus', 'obelus', 'noceur', 'norns', 'ocellus']
886|zugzwang|['augean', 'koalang', 'quean', 'bagman', 'quisling']
887|élan vital|['aestival', 'connubial', 'plangent', 'languor', 'laodicean']
